{
    "interactionModel": {
        "languageModel": {
            "invocationName": "olá mundo",
            "intents": [
                {
                    "name": "AMAZON.CancelIntent",
                    "samples": []
                },
                {
                    "name": "AMAZON.HelpIntent",
                    "samples": []
                },
                {
                    "name": "AMAZON.StopIntent",
                    "samples": []
                },
                {
                    "name": "HelloWorldIntent",
                    "slots": [],
                    "samples": [
                        "olá",
                        "como vai você",
                        "diga oi mundo",
                        "diga oi",
                        "oi",
                        "diga olá mundo",
                        "diga olá"
                    ]
                },
                {
                    "name": "AMAZON.NavigateHomeIntent",
                    "samples": []
                }
            ],
            "types": []
        }
    }
}